INSERT INTO OPERADOR VALUES (1,'Hotel Tierra');
INSERT INTO OPERADOR VALUES (2,'Hotel Natural');
INSERT INTO OPERADOR VALUES (3,'Hotel Misión');
INSERT INTO OPERADOR VALUES (4,'Hotel Encuentro');
INSERT INTO OPERADOR VALUES (5,'Hotel Esfera');
INSERT INTO OPERADOR VALUES (6,'Hotel La Rue');
INSERT INTO OPERADOR VALUES (7,'Hotel la Riviere');
INSERT INTO OPERADOR VALUES (8,'Hotel la línea');
INSERT INTO OPERADOR VALUES (9,'Hotel de Europa');
INSERT INTO OPERADOR VALUES (10,'Hotel Pixel');
INSERT INTO OPERADOR VALUES (11,'Hostal La Esperanza ');
INSERT INTO OPERADOR VALUES (12,'Hostal La Pasión');
INSERT INTO OPERADOR VALUES (13,'Hostal Conectate ');
INSERT INTO OPERADOR VALUES (14,'Hostal El toro');
INSERT INTO OPERADOR VALUES (15,'Hostal La Candelaria');
INSERT INTO OPERADOR VALUES (16,'Hostal  Galerias');
INSERT INTO OPERADOR VALUES (17,'Hostal Paloquemado');
INSERT INTO OPERADOR VALUES (18,'Hostal Chicó');
INSERT INTO OPERADOR VALUES (19,'Hostal Shaio');
INSERT INTO OPERADOR VALUES (20,'Hostal Suba');
INSERT INTO OPERADOR VALUES (21,'Hostal Soacha');
INSERT INTO OPERADOR VALUES (22,'Hostal Puente Aranda');
INSERT INTO OPERADOR VALUES (23,'CityU');
INSERT INTO OPERADOR VALUES (24,'CityU Premium');
INSERT INTO OPERADOR VALUES (25,'Conectate');
INSERT INTO OPERADOR VALUES (26,'Estudia');
INSERT INTO OPERADOR VALUES (27,'HUB');
INSERT INTO OPERADOR VALUES (28,'Porafolio');
INSERT INTO OPERADOR VALUES (29,'Residencia Javeriana');
INSERT INTO OPERADOR VALUES (30,'Residencia Externado');
INSERT INTO OPERADOR VALUES (31,'Residencia Militar');
INSERT INTO OPERADOR VALUES (32,'Residencia Distrital');
INSERT INTO OPERADOR VALUES (33,'Residencia Rosario');
INSERT INTO OPERADOR VALUES (34,'Residencia Nacional');
INSERT INTO OPERADOR VALUES (35,'Elaine Schwartz');
INSERT INTO OPERADOR VALUES (36,'Kirestin Cantu');
INSERT INTO OPERADOR VALUES (37,'Larissa Cline');
INSERT INTO OPERADOR VALUES (38,'Serina White');
INSERT INTO OPERADOR VALUES (39,'Cameron Crane');
INSERT INTO OPERADOR VALUES (40,'Hayden Wolfe');
INSERT INTO OPERADOR VALUES (41,'Bradley Savage');
INSERT INTO OPERADOR VALUES (42,'Signe Petty');
INSERT INTO OPERADOR VALUES (43,'April Kirk');
INSERT INTO OPERADOR VALUES (44,'Hedwig Rocha');
INSERT INTO OPERADOR VALUES (45,'Unity Townsend');
INSERT INTO OPERADOR VALUES (46,'Leonard Lindsay');
INSERT INTO OPERADOR VALUES (47,'Jackson Baird');
INSERT INTO OPERADOR VALUES (48,'Charlotte Robbins');
INSERT INTO OPERADOR VALUES (49,'Jonah Douglas');
INSERT INTO OPERADOR VALUES (50,'Allen West');
INSERT INTO OPERADOR VALUES (51,'Xanthus Pugh');
INSERT INTO OPERADOR VALUES (52,'Gage Conner');
INSERT INTO OPERADOR VALUES (53,'Rana Bruce');
INSERT INTO OPERADOR VALUES (54,'Yvonne Buchanan');

INSERT INTO HOTEL (ID,capacidad_ocupada,capacidad_ofrecida,ESTADIA_NOCHE,registrado_camara,registrado_turismo,vinculo) VALUES (1,49,36,'NO','NO','YES','PADRE_ESTUDIANTE');
INSERT INTO HOTEL (ID,capacidad_ocupada,capacidad_ofrecida,ESTADIA_NOCHE,registrado_camara,registrado_turismo,vinculo) VALUES (2,46,49,'YES','YES','YES','EMPLEADO');
INSERT INTO HOTEL (ID,capacidad_ocupada,capacidad_ofrecida,ESTADIA_NOCHE,registrado_camara,registrado_turismo,vinculo) VALUES (3,86,87,'NO','NO','NO','PERSONA_REGISTRADA');
INSERT INTO HOTEL (ID,capacidad_ocupada,capacidad_ofrecida,ESTADIA_NOCHE,registrado_camara,registrado_turismo,vinculo) VALUES (4,76,36,'NO','YES','YES','PROFESOR');
INSERT INTO HOTEL (ID,capacidad_ocupada,capacidad_ofrecida,ESTADIA_NOCHE,registrado_camara,registrado_turismo,vinculo) VALUES (5,57,74,'YES','YES','YES','PERSONA_REGISTRADA');
INSERT INTO HOTEL (ID,capacidad_ocupada,capacidad_ofrecida,ESTADIA_NOCHE,registrado_camara,registrado_turismo,vinculo) VALUES (6,76,55,'YES','YES','NO','PROFESOR_INVITADO');
INSERT INTO HOTEL (ID,capacidad_ocupada,capacidad_ofrecida,ESTADIA_NOCHE,registrado_camara,registrado_turismo,vinculo) VALUES (7,48,88,'YES','YES','NO','ESTUDIANTE');
INSERT INTO HOTEL (ID,capacidad_ocupada,capacidad_ofrecida,ESTADIA_NOCHE,registrado_camara,registrado_turismo,vinculo) VALUES (8,29,50,'YES','YES','YES','PROFESOR_INVITADO');
INSERT INTO HOTEL (ID,capacidad_ocupada,capacidad_ofrecida,ESTADIA_NOCHE,registrado_camara,registrado_turismo,vinculo) VALUES (9,9,100,'NO','NO','YES','EGRESADO');
INSERT INTO HOTEL (ID,capacidad_ocupada,capacidad_ofrecida,ESTADIA_NOCHE,registrado_camara,registrado_turismo,vinculo) VALUES (10,20,77,'YES','YES','YES','ESTUDIANTE');

INSERT INTO SERVICIO_HOTEL VALUES (1,'PARQUEADERO');
INSERT INTO SERVICIO_HOTEL VALUES (8,'PISCINA');
INSERT INTO SERVICIO_HOTEL VALUES (10,'RESTAURANTE');
INSERT INTO SERVICIO_HOTEL VALUES (5,'PISCINA');
INSERT INTO SERVICIO_HOTEL VALUES (3,'TV_CABLE');
INSERT INTO SERVICIO_HOTEL VALUES (1,'PISCINA');
INSERT INTO SERVICIO_HOTEL VALUES (9,'WIFI');
INSERT INTO SERVICIO_HOTEL VALUES (9,'PARQUEADERO');
INSERT INTO SERVICIO_HOTEL VALUES (2,'RECEPCION_24_HORAS');
INSERT INTO SERVICIO_HOTEL VALUES (9,'PISCINA');
INSERT INTO SERVICIO_HOTEL VALUES (7,'PARQUEADERO');
INSERT INTO SERVICIO_HOTEL VALUES (1,'RECEPCION_24_HORAS');
INSERT INTO SERVICIO_HOTEL VALUES (5,'WIFI');
INSERT INTO SERVICIO_HOTEL VALUES (5,'PARQUEADERO');
INSERT INTO SERVICIO_HOTEL VALUES (7,'WIFI');
INSERT INTO SERVICIO_HOTEL VALUES (8,'WIFI');
INSERT INTO SERVICIO_HOTEL VALUES (3,'RECEPCION_24_HORAS');
INSERT INTO SERVICIO_HOTEL VALUES (10,'PISCINA');
INSERT INTO SERVICIO_HOTEL VALUES (2,'PISCINA');
INSERT INTO SERVICIO_HOTEL VALUES (1,'TV_CABLE');
INSERT INTO SERVICIO_HOTEL VALUES (6,'PARQUEADERO');
INSERT INTO SERVICIO_HOTEL VALUES (3,'RESTAURANTE');
INSERT INTO SERVICIO_HOTEL VALUES (7,'RESTAURANTE');
INSERT INTO SERVICIO_HOTEL VALUES (7,'TV_CABLE');
INSERT INTO SERVICIO_HOTEL VALUES (4,'RECEPCION_24_HORAS');
INSERT INTO SERVICIO_HOTEL VALUES (3,'PARQUEADERO');
INSERT INTO SERVICIO_HOTEL VALUES (1,'RESTAURANTE');
INSERT INTO SERVICIO_HOTEL VALUES (6,'TV_CABLE');


INSERT INTO CONTRATO VALUES (1,8,46401);
INSERT INTO CONTRATO VALUES (2,8,137377);
INSERT INTO CONTRATO VALUES (3,5,151601);
INSERT INTO CONTRATO VALUES (4,8,91408);
INSERT INTO CONTRATO VALUES (5,2,125330);
INSERT INTO CONTRATO VALUES (6,1,138203);
INSERT INTO CONTRATO VALUES (7,5,136523);
INSERT INTO CONTRATO VALUES (8,2,122680);
INSERT INTO CONTRATO VALUES (9,10,173381);
INSERT INTO CONTRATO VALUES (10,4,124688);
INSERT INTO CONTRATO VALUES (11,3,103151);
INSERT INTO CONTRATO VALUES (12,4,120119);
INSERT INTO CONTRATO VALUES (13,2,143502);
INSERT INTO CONTRATO VALUES (14,4,156964);
INSERT INTO CONTRATO VALUES (15,7,107307);
INSERT INTO CONTRATO VALUES (16,5,73758);
INSERT INTO CONTRATO VALUES (17,5,88705);
INSERT INTO CONTRATO VALUES (18,1,171107);
INSERT INTO CONTRATO VALUES (19,3,44739);
INSERT INTO CONTRATO VALUES (20,2,119117);
INSERT INTO CONTRATO VALUES (21,7,188384);
INSERT INTO CONTRATO VALUES (22,1,118352);
INSERT INTO CONTRATO VALUES (23,8,126229);
INSERT INTO CONTRATO VALUES (24,6,88857);
INSERT INTO CONTRATO VALUES (25,2,53290);
INSERT INTO CONTRATO VALUES (26,3,141373);
INSERT INTO CONTRATO VALUES (27,3,148474);
INSERT INTO CONTRATO VALUES (28,9,160196);
INSERT INTO CONTRATO VALUES (29,3,144653);
INSERT INTO CONTRATO VALUES (30,10,77464);
INSERT INTO CONTRATO VALUES (31,9,146461);
INSERT INTO CONTRATO VALUES (32,8,196815);
INSERT INTO CONTRATO VALUES (33,6,155452);
INSERT INTO CONTRATO VALUES (34,1,45912);
INSERT INTO CONTRATO VALUES (35,5,112674);
INSERT INTO CONTRATO VALUES (36,2,50267);
INSERT INTO CONTRATO VALUES (37,7,79155);
INSERT INTO CONTRATO VALUES (38,8,188316);
INSERT INTO CONTRATO VALUES (39,10,152778);
INSERT INTO CONTRATO VALUES (40,10,44765);
INSERT INTO CONTRATO VALUES (41,9,172215);
INSERT INTO CONTRATO VALUES (42,5,161249);
INSERT INTO CONTRATO VALUES (43,5,151066);
INSERT INTO CONTRATO VALUES (44,9,90647);
INSERT INTO CONTRATO VALUES (45,3,64552);
INSERT INTO CONTRATO VALUES (46,7,190217);
INSERT INTO CONTRATO VALUES (47,4,171600);
INSERT INTO CONTRATO VALUES (48,10,100337);
INSERT INTO CONTRATO VALUES (49,9,119056);
INSERT INTO CONTRATO VALUES (50,8,55849);
INSERT INTO CONTRATO VALUES (51,8,129748);
INSERT INTO CONTRATO VALUES (52,5,119760);
INSERT INTO CONTRATO VALUES (53,3,145370);
INSERT INTO CONTRATO VALUES (54,10,151776);
INSERT INTO CONTRATO VALUES (55,5,133138);
INSERT INTO CONTRATO VALUES (56,3,96356);
INSERT INTO CONTRATO VALUES (57,8,59015);
INSERT INTO CONTRATO VALUES (58,2,167643);
INSERT INTO CONTRATO VALUES (59,2,153684);
INSERT INTO CONTRATO VALUES (60,4,105145);
INSERT INTO CONTRATO VALUES (61,8,141649);
INSERT INTO CONTRATO VALUES (62,4,144404);
INSERT INTO CONTRATO VALUES (63,9,179758);
INSERT INTO CONTRATO VALUES (64,9,164622);
INSERT INTO CONTRATO VALUES (65,10,192687);
INSERT INTO CONTRATO VALUES (66,6,184491);
INSERT INTO CONTRATO VALUES (67,8,160986);
INSERT INTO CONTRATO VALUES (68,9,177590);
INSERT INTO CONTRATO VALUES (69,10,81669);
INSERT INTO CONTRATO VALUES (70,3,113401);
INSERT INTO CONTRATO VALUES (71,10,102646);
INSERT INTO CONTRATO VALUES (72,4,79293);
INSERT INTO CONTRATO VALUES (73,9,111928);
INSERT INTO CONTRATO VALUES (74,6,124837);
INSERT INTO CONTRATO VALUES (75,10,72633);
INSERT INTO CONTRATO VALUES (76,6,171309);
INSERT INTO CONTRATO VALUES (77,1,174504);
INSERT INTO CONTRATO VALUES (78,2,126473);
INSERT INTO CONTRATO VALUES (79,6,123987);
INSERT INTO CONTRATO VALUES (80,9,87718);
INSERT INTO CONTRATO VALUES (81,5,87277);
INSERT INTO CONTRATO VALUES (82,6,162538);
INSERT INTO CONTRATO VALUES (83,1,125272);
INSERT INTO CONTRATO VALUES (84,5,45205);
INSERT INTO CONTRATO VALUES (85,10,111856);
INSERT INTO CONTRATO VALUES (86,9,40750);
INSERT INTO CONTRATO VALUES (87,9,53207);
INSERT INTO CONTRATO VALUES (88,6,106828);
INSERT INTO CONTRATO VALUES (89,8,43306);
INSERT INTO CONTRATO VALUES (90,10,110678);
INSERT INTO CONTRATO VALUES (91,1,100506);
INSERT INTO CONTRATO VALUES (92,9,63866);
INSERT INTO CONTRATO VALUES (93,6,60839);
INSERT INTO CONTRATO VALUES (94,8,160014);
INSERT INTO CONTRATO VALUES (95,10,63422);
INSERT INTO CONTRATO VALUES (96,5,57962);
INSERT INTO CONTRATO VALUES (97,5,179030);
INSERT INTO CONTRATO VALUES (98,5,88915);
INSERT INTO CONTRATO VALUES (99,10,109181);
INSERT INTO CONTRATO VALUES (100,10,83092);
INSERT INTO CONTRATO VALUES (101,8,42874);
INSERT INTO CONTRATO VALUES (102,6,127020);
INSERT INTO CONTRATO VALUES (103,9,66427);
INSERT INTO CONTRATO VALUES (104,3,184844);
INSERT INTO CONTRATO VALUES (105,3,51303);
INSERT INTO CONTRATO VALUES (106,3,54327);
INSERT INTO CONTRATO VALUES (107,6,83011);
INSERT INTO CONTRATO VALUES (108,10,138880);
INSERT INTO CONTRATO VALUES (109,8,49274);
INSERT INTO CONTRATO VALUES (110,2,152770);
INSERT INTO CONTRATO VALUES (111,10,40543);
INSERT INTO CONTRATO VALUES (112,7,189919);
INSERT INTO CONTRATO VALUES (113,7,150781);
INSERT INTO CONTRATO VALUES (114,5,166808);
INSERT INTO CONTRATO VALUES (115,4,132065);
INSERT INTO CONTRATO VALUES (116,10,145756);
INSERT INTO CONTRATO VALUES (117,1,120797);
INSERT INTO CONTRATO VALUES (118,1,182077);
INSERT INTO CONTRATO VALUES (119,8,166171);
INSERT INTO CONTRATO VALUES (120,8,174311);


INSERT INTO CONTRATOHABHOTEL VALUES (1,7,3,65,'SUITE',8);
INSERT INTO CONTRATOHABHOTEL VALUES (2,3,4,81,'SUITE',5);
INSERT INTO CONTRATOHABHOTEL VALUES (3,1,1,95,'ESTANDAR',7);
INSERT INTO CONTRATOHABHOTEL VALUES (4,8,5,104,'SUITE',5);
INSERT INTO CONTRATOHABHOTEL VALUES (5,10,1,123,'ESTANDAR',5);
INSERT INTO CONTRATOHABHOTEL VALUES (6,5,4,55,'SEMISUITE',7);
INSERT INTO CONTRATOHABHOTEL VALUES (7,3,1,167,'SUITE',10);
INSERT INTO CONTRATOHABHOTEL VALUES (8,7,3,177,'SUITE',5);
INSERT INTO CONTRATOHABHOTEL VALUES (9,7,4,160,'SEMISUITE',2);
INSERT INTO CONTRATOHABHOTEL VALUES (10,4,1,171,'SUITE',5);
INSERT INTO CONTRATOHABHOTEL VALUES (11,2,1,176,'ESTANDAR',3);
INSERT INTO CONTRATOHABHOTEL VALUES (12,8,3,162,'ESTANDAR',9);
INSERT INTO CONTRATOHABHOTEL VALUES (13,6,4,60,'ESTANDAR',7);
INSERT INTO CONTRATOHABHOTEL VALUES (14,2,4,94,'SUITE',1);
INSERT INTO CONTRATOHABHOTEL VALUES (15,9,1,122,'SUITE',2);
INSERT INTO CONTRATOHABHOTEL VALUES (16,6,4,118,'SEMISUITE',4);
INSERT INTO CONTRATOHABHOTEL VALUES (17,2,4,135,'ESTANDAR',3);
INSERT INTO CONTRATOHABHOTEL VALUES (18,2,1,102,'SUITE',9);
INSERT INTO CONTRATOHABHOTEL VALUES (19,6,3,77,'SEMISUITE',7);
INSERT INTO CONTRATOHABHOTEL VALUES (20,4,2,134,'ESTANDAR',3);


INSERT INTO SERVICIOS_HABHOTEL VALUES (11,'JACUZZI');
INSERT INTO SERVICIOS_HABHOTEL VALUES (11,'MINIBAR');
INSERT INTO SERVICIOS_HABHOTEL VALUES (5,'BAÑERA');
INSERT INTO SERVICIOS_HABHOTEL VALUES (6,'COCINETA');
INSERT INTO SERVICIOS_HABHOTEL VALUES (1,'BAÑERA');
INSERT INTO SERVICIOS_HABHOTEL VALUES (4,'COCINETA');
INSERT INTO SERVICIOS_HABHOTEL VALUES (20,'MINIBAR');
INSERT INTO SERVICIOS_HABHOTEL VALUES (8,'COCINETA');
INSERT INTO SERVICIOS_HABHOTEL VALUES (15,'COCINETA');
INSERT INTO SERVICIOS_HABHOTEL VALUES (17,'BAÑERA');
INSERT INTO SERVICIOS_HABHOTEL VALUES (7,'BAÑERA');
INSERT INTO SERVICIOS_HABHOTEL VALUES (9,'MINIBAR');
INSERT INTO SERVICIOS_HABHOTEL VALUES (7,'COCINETA');
INSERT INTO SERVICIOS_HABHOTEL VALUES (5,'COCINETA');
INSERT INTO SERVICIOS_HABHOTEL VALUES (14,'COCINETA');
INSERT INTO SERVICIOS_HABHOTEL VALUES (11,'SALA');
INSERT INTO SERVICIOS_HABHOTEL VALUES (10,'COCINETA');
INSERT INTO SERVICIOS_HABHOTEL VALUES (16,'MINIBAR');
INSERT INTO SERVICIOS_HABHOTEL VALUES (12,'BAÑERA');
INSERT INTO SERVICIOS_HABHOTEL VALUES (9,'SALA');
INSERT INTO SERVICIOS_HABHOTEL VALUES (17,'SALA');
INSERT INTO SERVICIOS_HABHOTEL VALUES (7,'MINIBAR');
INSERT INTO SERVICIOS_HABHOTEL VALUES (5,'JACUZZI');
INSERT INTO SERVICIOS_HABHOTEL VALUES (10,'BAÑERA');
INSERT INTO SERVICIOS_HABHOTEL VALUES (9,'BAÑERA');
INSERT INTO SERVICIOS_HABHOTEL VALUES (6,'MINIBAR');
INSERT INTO SERVICIOS_HABHOTEL VALUES (17,'MINIBAR');
INSERT INTO SERVICIOS_HABHOTEL VALUES (1,'SALA');
INSERT INTO SERVICIOS_HABHOTEL VALUES (2,'BAÑERA');
INSERT INTO SERVICIOS_HABHOTEL VALUES (2,'SALA');
INSERT INTO SERVICIOS_HABHOTEL VALUES (3,'BAÑERA');
INSERT INTO SERVICIOS_HABHOTEL VALUES (19,'JACUZZI');
INSERT INTO SERVICIOS_HABHOTEL VALUES (3,'MINIBAR');
INSERT INTO SERVICIOS_HABHOTEL VALUES (4,'SALA');
INSERT INTO SERVICIOS_HABHOTEL VALUES (12,'MINIBAR');
INSERT INTO SERVICIOS_HABHOTEL VALUES (18,'SALA');
INSERT INTO SERVICIOS_HABHOTEL VALUES (9,'COCINETA');
INSERT INTO SERVICIOS_HABHOTEL VALUES (13,'SALA');
INSERT INTO SERVICIOS_HABHOTEL VALUES (18,'MINIBAR');
INSERT INTO SERVICIOS_HABHOTEL VALUES (7,'SALA');
INSERT INTO SERVICIOS_HABHOTEL VALUES (20,'COCINETA');
INSERT INTO SERVICIOS_HABHOTEL VALUES (18,'COCINETA');
INSERT INTO SERVICIOS_HABHOTEL VALUES (4,'MINIBAR');
INSERT INTO SERVICIOS_HABHOTEL VALUES (19,'SALA');
INSERT INTO SERVICIOS_HABHOTEL VALUES (4,'BAÑERA');


INSERT INTO HOSTAL (ID,CAPACIDAD_OFRECIDA,CAPACIDAD_OCUPADA,HORARIO_APERTURA, HORARIO_CIERRE,REGISTRADO_CAMARA,REGISTRADO_TURISMO,VINCULO) VALUES (11,4,65,1,9,'YES','YES','PERSONA_REGISTRADA');
INSERT INTO HOSTAL (ID,CAPACIDAD_OFRECIDA,CAPACIDAD_OCUPADA,HORARIO_APERTURA, HORARIO_CIERRE,REGISTRADO_CAMARA,REGISTRADO_TURISMO,VINCULO) VALUES (12,74,63,3,18,'NO','YES','EGRESADO');
INSERT INTO HOSTAL (ID,CAPACIDAD_OFRECIDA,CAPACIDAD_OCUPADA,HORARIO_APERTURA, HORARIO_CIERRE,REGISTRADO_CAMARA,REGISTRADO_TURISMO,VINCULO) VALUES (13,94,70,2,21,'YES','NO','ESTUDIANTE');
INSERT INTO HOSTAL (ID,CAPACIDAD_OFRECIDA,CAPACIDAD_OCUPADA,HORARIO_APERTURA, HORARIO_CIERRE,REGISTRADO_CAMARA,REGISTRADO_TURISMO,VINCULO) VALUES (14,69,77,5,23,'YES','NO','PROFESOR');
INSERT INTO HOSTAL (ID,CAPACIDAD_OFRECIDA,CAPACIDAD_OCUPADA,HORARIO_APERTURA, HORARIO_CIERRE,REGISTRADO_CAMARA,REGISTRADO_TURISMO,VINCULO) VALUES (15,61,6,9,21,'YES','NO','PERSONA_REGISTRADA');
INSERT INTO HOSTAL (ID,CAPACIDAD_OFRECIDA,CAPACIDAD_OCUPADA,HORARIO_APERTURA, HORARIO_CIERRE,REGISTRADO_CAMARA,REGISTRADO_TURISMO,VINCULO) VALUES (16,74,91,12,24,'NO','NO','EMPLEADO');
INSERT INTO HOSTAL (ID,CAPACIDAD_OFRECIDA,CAPACIDAD_OCUPADA,HORARIO_APERTURA, HORARIO_CIERRE,REGISTRADO_CAMARA,REGISTRADO_TURISMO,VINCULO) VALUES (17,71,10,3,17,'NO','YES','PERSONA_REGISTRADA');
INSERT INTO HOSTAL (ID,CAPACIDAD_OFRECIDA,CAPACIDAD_OCUPADA,HORARIO_APERTURA, HORARIO_CIERRE,REGISTRADO_CAMARA,REGISTRADO_TURISMO,VINCULO) VALUES (18,11,15,10,20,'NO','YES','EMPLEADO');
INSERT INTO HOSTAL (ID,CAPACIDAD_OFRECIDA,CAPACIDAD_OCUPADA,HORARIO_APERTURA, HORARIO_CIERRE,REGISTRADO_CAMARA,REGISTRADO_TURISMO,VINCULO) VALUES (19,8,42,4,16,'NO','YES','EMPLEADO');
INSERT INTO HOSTAL (ID,CAPACIDAD_OFRECIDA,CAPACIDAD_OCUPADA,HORARIO_APERTURA, HORARIO_CIERRE,REGISTRADO_CAMARA,REGISTRADO_TURISMO,VINCULO) VALUES (20,21,7,6,18,'NO','YES','EMPLEADO');
INSERT INTO HOSTAL (ID,CAPACIDAD_OFRECIDA,CAPACIDAD_OCUPADA,HORARIO_APERTURA, HORARIO_CIERRE,REGISTRADO_CAMARA,REGISTRADO_TURISMO,VINCULO) VALUES (21,33,44,3,23,'NO','NO','PROFESOR_INVITADO');
INSERT INTO HOSTAL (ID,CAPACIDAD_OFRECIDA,CAPACIDAD_OCUPADA,HORARIO_APERTURA, HORARIO_CIERRE,REGISTRADO_CAMARA,REGISTRADO_TURISMO,VINCULO) VALUES (22,8,14,7,19,'YES','NO','EGRESADO');


INSERT INTO CONTRATOHABHOSTAL VALUES (21,11);
INSERT INTO CONTRATOHABHOSTAL VALUES (22,11);
INSERT INTO CONTRATOHABHOSTAL VALUES (23,22);
INSERT INTO CONTRATOHABHOSTAL VALUES (24,12);
INSERT INTO CONTRATOHABHOSTAL VALUES (25,20);
INSERT INTO CONTRATOHABHOSTAL VALUES (26,22);
INSERT INTO CONTRATOHABHOSTAL VALUES (27,18);
INSERT INTO CONTRATOHABHOSTAL VALUES (28,12);
INSERT INTO CONTRATOHABHOSTAL VALUES (29,11);
INSERT INTO CONTRATOHABHOSTAL VALUES (30,19);
INSERT INTO CONTRATOHABHOSTAL VALUES (31,15);
INSERT INTO CONTRATOHABHOSTAL VALUES (32,15);
INSERT INTO CONTRATOHABHOSTAL VALUES (33,21);
INSERT INTO CONTRATOHABHOSTAL VALUES (34,15);
INSERT INTO CONTRATOHABHOSTAL VALUES (35,11);
INSERT INTO CONTRATOHABHOSTAL VALUES (36,14);
INSERT INTO CONTRATOHABHOSTAL VALUES (37,17);
INSERT INTO CONTRATOHABHOSTAL VALUES (38,13);
INSERT INTO CONTRATOHABHOSTAL VALUES (39,17);
INSERT INTO CONTRATOHABHOSTAL VALUES (40,16);


INSERT INTO VIVIENDAUNIVERSITARIA (ID,CAPACIDAD_OFRECIDA,CAPACIDAD_OCUPADA, COSTO_GIMNASIO, COSTO_RESTAURANTE, COSTO_SALAS_ESPARCIMIENTO,COSTO_SALAS_ESTUDIO,REGISTRADO_CAMARA,REGISTRADO_TURISMO,VINCULO) VALUES (23,2,61,87862,33960,89840,90542,'NO','YES','EMPLEADO');
INSERT INTO VIVIENDAUNIVERSITARIA (ID,CAPACIDAD_OFRECIDA,CAPACIDAD_OCUPADA, COSTO_GIMNASIO, COSTO_RESTAURANTE, COSTO_SALAS_ESPARCIMIENTO,COSTO_SALAS_ESTUDIO,REGISTRADO_CAMARA,REGISTRADO_TURISMO,VINCULO) VALUES (24,85,3,59306,28587,84697,48399,'YES','NO','ESTUDIANTE');
INSERT INTO VIVIENDAUNIVERSITARIA (ID,CAPACIDAD_OFRECIDA,CAPACIDAD_OCUPADA, COSTO_GIMNASIO, COSTO_RESTAURANTE, COSTO_SALAS_ESPARCIMIENTO,COSTO_SALAS_ESTUDIO,REGISTRADO_CAMARA,REGISTRADO_TURISMO,VINCULO) VALUES (25,94,89,93803,95337,86175,77648,'YES','YES','PADRE_ESTUDIANTE');
INSERT INTO VIVIENDAUNIVERSITARIA (ID,CAPACIDAD_OFRECIDA,CAPACIDAD_OCUPADA, COSTO_GIMNASIO, COSTO_RESTAURANTE, COSTO_SALAS_ESPARCIMIENTO,COSTO_SALAS_ESTUDIO,REGISTRADO_CAMARA,REGISTRADO_TURISMO,VINCULO) VALUES (26,42,73,64853,60282,41257,25061,'NO','NO','EGRESADO');
INSERT INTO VIVIENDAUNIVERSITARIA (ID,CAPACIDAD_OFRECIDA,CAPACIDAD_OCUPADA, COSTO_GIMNASIO, COSTO_RESTAURANTE, COSTO_SALAS_ESPARCIMIENTO,COSTO_SALAS_ESTUDIO,REGISTRADO_CAMARA,REGISTRADO_TURISMO,VINCULO) VALUES (27,63,28,24239,97527,85911,75610,'NO','NO','PROFESOR_INVITADO');
INSERT INTO VIVIENDAUNIVERSITARIA (ID,CAPACIDAD_OFRECIDA,CAPACIDAD_OCUPADA, COSTO_GIMNASIO, COSTO_RESTAURANTE, COSTO_SALAS_ESPARCIMIENTO,COSTO_SALAS_ESTUDIO,REGISTRADO_CAMARA,REGISTRADO_TURISMO,VINCULO) VALUES (28,83,11,88083,53976,47889,38213,'YES','YES','PROFESOR');
INSERT INTO VIVIENDAUNIVERSITARIA (ID,CAPACIDAD_OFRECIDA,CAPACIDAD_OCUPADA, COSTO_GIMNASIO, COSTO_RESTAURANTE, COSTO_SALAS_ESPARCIMIENTO,COSTO_SALAS_ESTUDIO,REGISTRADO_CAMARA,REGISTRADO_TURISMO,VINCULO) VALUES (29,47,46,92706,25521,30150,71035,'NO','YES','ESTUDIANTE');
INSERT INTO VIVIENDAUNIVERSITARIA (ID,CAPACIDAD_OFRECIDA,CAPACIDAD_OCUPADA, COSTO_GIMNASIO, COSTO_RESTAURANTE, COSTO_SALAS_ESPARCIMIENTO,COSTO_SALAS_ESTUDIO,REGISTRADO_CAMARA,REGISTRADO_TURISMO,VINCULO) VALUES (30,49,8,53142,97064,23555,59173,'YES','NO','EGRESADO');
INSERT INTO VIVIENDAUNIVERSITARIA (ID,CAPACIDAD_OFRECIDA,CAPACIDAD_OCUPADA, COSTO_GIMNASIO, COSTO_RESTAURANTE, COSTO_SALAS_ESPARCIMIENTO,COSTO_SALAS_ESTUDIO,REGISTRADO_CAMARA,REGISTRADO_TURISMO,VINCULO) VALUES (31,79,1,43694,22849,50464,91190,'NO','YES','EGRESADO');
INSERT INTO VIVIENDAUNIVERSITARIA (ID,CAPACIDAD_OFRECIDA,CAPACIDAD_OCUPADA, COSTO_GIMNASIO, COSTO_RESTAURANTE, COSTO_SALAS_ESPARCIMIENTO,COSTO_SALAS_ESTUDIO,REGISTRADO_CAMARA,REGISTRADO_TURISMO,VINCULO) VALUES (32,32,9,65302,62808,67283,64398,'NO','YES','EGRESADO');
INSERT INTO VIVIENDAUNIVERSITARIA (ID,CAPACIDAD_OFRECIDA,CAPACIDAD_OCUPADA, COSTO_GIMNASIO, COSTO_RESTAURANTE, COSTO_SALAS_ESPARCIMIENTO,COSTO_SALAS_ESTUDIO,REGISTRADO_CAMARA,REGISTRADO_TURISMO,VINCULO) VALUES (33,98,18,50910,29014,58321,99068,'NO','YES','PADRE_ESTUDIANTE');
INSERT INTO VIVIENDAUNIVERSITARIA (ID,CAPACIDAD_OFRECIDA,CAPACIDAD_OCUPADA, COSTO_GIMNASIO, COSTO_RESTAURANTE, COSTO_SALAS_ESPARCIMIENTO,COSTO_SALAS_ESTUDIO,REGISTRADO_CAMARA,REGISTRADO_TURISMO,VINCULO) VALUES (34,35,89,41706,22465,35994,64506,'YES','YES','PROFESOR_INVITADO');

INSERT INTO CONTRATOHABUNIVERSITARIA VALUES (41,34,'NO',10,'NO','NO','YES','NO');
INSERT INTO CONTRATOHABUNIVERSITARIA VALUES (42,30,'YES',7,'YES','NO','NO','NO');
INSERT INTO CONTRATOHABUNIVERSITARIA VALUES (43,26,'NO',16,'NO','NO','NO','YES');
INSERT INTO CONTRATOHABUNIVERSITARIA VALUES (44,28,'YES',12,'YES','YES','NO','NO');
INSERT INTO CONTRATOHABUNIVERSITARIA VALUES (45,23,'YES',17,'NO','YES','NO','YES');
INSERT INTO CONTRATOHABUNIVERSITARIA VALUES (46,32,'YES',16,'NO','NO','NO','YES');
INSERT INTO CONTRATOHABUNIVERSITARIA VALUES (47,31,'YES',14,'NO','NO','YES','NO');
INSERT INTO CONTRATOHABUNIVERSITARIA VALUES (48,31,'YES',5,'YES','NO','YES','NO');
INSERT INTO CONTRATOHABUNIVERSITARIA VALUES (49,23,'NO',2,'YES','NO','YES','NO');
INSERT INTO CONTRATOHABUNIVERSITARIA VALUES (50,33,'NO',8,'NO','YES','NO','YES');
INSERT INTO CONTRATOHABUNIVERSITARIA VALUES (51,30,'NO',18,'NO','NO','NO','NO');
INSERT INTO CONTRATOHABUNIVERSITARIA VALUES (52,31,'YES',3,'NO','YES','NO','NO');
INSERT INTO CONTRATOHABUNIVERSITARIA VALUES (53,31,'NO',18,'NO','YES','NO','NO');
INSERT INTO CONTRATOHABUNIVERSITARIA VALUES (54,29,'NO',9,'NO','YES','YES','NO');
INSERT INTO CONTRATOHABUNIVERSITARIA VALUES (55,32,'NO',14,'NO','NO','YES','NO');
INSERT INTO CONTRATOHABUNIVERSITARIA VALUES (56,29,'YES',4,'YES','YES','NO','YES');
INSERT INTO CONTRATOHABUNIVERSITARIA VALUES (57,25,'NO',18,'YES','NO','YES','YES');
INSERT INTO CONTRATOHABUNIVERSITARIA VALUES (58,27,'NO',14,'YES','YES','YES','NO');
INSERT INTO CONTRATOHABUNIVERSITARIA VALUES (59,30,'YES',13,'NO','YES','NO','YES');
INSERT INTO CONTRATOHABUNIVERSITARIA VALUES (60,24,'NO',13,'NO','NO','YES','YES');


INSERT INTO CLIENTE VALUES (1,'Celeste Murray','Carolyn@ac.org','PADRE_ESTUDIANTE');
INSERT INTO CLIENTE VALUES (2,'Fitzgerald Mitchell','Cody@Cum.net','PADRE_ESTUDIANTE');
INSERT INTO CLIENTE VALUES (3,'Wesley Morrison','Duncan@sociosqu.gov','PERSONA_REGISTRADA');
INSERT INTO CLIENTE VALUES (4,'Hayley Dodson','Kirk@risus.gov','EMPLEADO');
INSERT INTO CLIENTE VALUES (5,'Shelley Bright','Shelly@placerat.com','PROFESOR');
INSERT INTO CLIENTE VALUES (6,'Arthur Arnold','Brenden@pretium.net','PERSONA_REGISTRADA');
INSERT INTO CLIENTE VALUES (7,'Buckminster Holcomb','Macaulay@rhoncus.gov','EMPLEADO');
INSERT INTO CLIENTE VALUES (8,'Piper Warner','Jesse@non.com','PERSONA_REGISTRADA');
INSERT INTO CLIENTE VALUES (9,'Stone Dunlap','Maxwell@montes.org','PADRE_ESTUDIANTE');
INSERT INTO CLIENTE VALUES (10,'Prescott Moore','Azalia@Nullam.org','EGRESADO');
INSERT INTO CLIENTE VALUES (11,'Ryan Landry','Hamilton@lobortis.com','PERSONA_REGISTRADA');
INSERT INTO CLIENTE VALUES (12,'Jaime Hinton','Kylynn@massa.us','PADRE_ESTUDIANTE');
INSERT INTO CLIENTE VALUES (13,'Keely Farley','Ezekiel@semper.gov','PADRE_ESTUDIANTE');
INSERT INTO CLIENTE VALUES (14,'Blaze Humphrey','Mohammad@elementum.gov','PROFESOR_INVITADO');
INSERT INTO CLIENTE VALUES (15,'Mara Morton','Keefe@dis.com','ESTUDIANTE');
INSERT INTO CLIENTE VALUES (16,'Dominic Sargent','Rooney@vulputate.us','PROFESOR_INVITADO');
INSERT INTO CLIENTE VALUES (17,'Roth Mercer','Holly@elit.edu','EGRESADO');
INSERT INTO CLIENTE VALUES (18,'Lisandra Greene','Prescott@quis.gov','EMPLEADO');
INSERT INTO CLIENTE VALUES (19,'Hyacinth Joyner','Baxter@malesuada.com','PROFESOR');
INSERT INTO CLIENTE VALUES (20,'Germane Guthrie','Brandon@elit.edu','PADRE_ESTUDIANTE');


INSERT INTO PERSONA_NATURAL (ID,DOCUMENTO,NUMERO_DOCUMENTO,NOMBRE,VINCULO) VALUES (35,'CEDULA_DE_EXTRANJERIA',1,'Elaine Schwartz','PROFESOR');
INSERT INTO PERSONA_NATURAL (ID,DOCUMENTO,NUMERO_DOCUMENTO,NOMBRE,VINCULO) VALUES (36,'CEDULA_DE_CIUDADANIA',2,'Kirestin Cantu','PADRE_ESTUDIANTE');
INSERT INTO PERSONA_NATURAL (ID,DOCUMENTO,NUMERO_DOCUMENTO,NOMBRE,VINCULO) VALUES (37,'CEDULA_DE_EXTRANJERIA',3,'Larissa Cline','PERSONA_REGISTRADA');
INSERT INTO PERSONA_NATURAL (ID,DOCUMENTO,NUMERO_DOCUMENTO,NOMBRE,VINCULO) VALUES (38,'CEDULA_DE_CIUDADANIA',4,'Serina White','PERSONA_REGISTRADA');
INSERT INTO PERSONA_NATURAL (ID,DOCUMENTO,NUMERO_DOCUMENTO,NOMBRE,VINCULO) VALUES (39,'CEDULA_DE_CIUDADANIA',20,'Yvonne Buchanan','EMPLEADO');
INSERT INTO PERSONA_NATURAL (ID,DOCUMENTO,NUMERO_DOCUMENTO,NOMBRE,VINCULO) VALUES (40,'CEDULA_DE_EXTRANJERIA',5,'Cameron Crane','PERSONA_REGISTRADA');
INSERT INTO PERSONA_NATURAL (ID,DOCUMENTO,NUMERO_DOCUMENTO,NOMBRE,VINCULO) VALUES (41,'CEDULA_DE_EXTRANJERIA',6,'Hayden Wolfe','PROFESOR_INVITADO');
INSERT INTO PERSONA_NATURAL (ID,DOCUMENTO,NUMERO_DOCUMENTO,NOMBRE,VINCULO) VALUES (42,'PASAPORTE',7,'Bradley Savage','EGRESADO');
INSERT INTO PERSONA_NATURAL (ID,DOCUMENTO,NUMERO_DOCUMENTO,NOMBRE,VINCULO) VALUES (43,'CEDULA_DE_CIUDADANIA',8,'Signe Petty','EGRESADO');
INSERT INTO PERSONA_NATURAL (ID,DOCUMENTO,NUMERO_DOCUMENTO,NOMBRE,VINCULO) VALUES (44,'PASAPORTE',9,'April Kirk','PADRE_ESTUDIANTE');
INSERT INTO PERSONA_NATURAL (ID,DOCUMENTO,NUMERO_DOCUMENTO,NOMBRE,VINCULO) VALUES (45,'CEDULA_DE_CIUDADANIA',10,'Hedwig Rocha','PROFESOR');
INSERT INTO PERSONA_NATURAL (ID,DOCUMENTO,NUMERO_DOCUMENTO,NOMBRE,VINCULO) VALUES (46,'CEDULA_DE_EXTRANJERIA',11,'Unity Townsend','EGRESADO');
INSERT INTO PERSONA_NATURAL (ID,DOCUMENTO,NUMERO_DOCUMENTO,NOMBRE,VINCULO) VALUES (47,'PASAPORTE',12,'Leonard Lindsay','ESTUDIANTE');
INSERT INTO PERSONA_NATURAL (ID,DOCUMENTO,NUMERO_DOCUMENTO,NOMBRE,VINCULO) VALUES (48,'PASAPORTE',13,'Jackson Baird','PROFESOR');
INSERT INTO PERSONA_NATURAL (ID,DOCUMENTO,NUMERO_DOCUMENTO,NOMBRE,VINCULO) VALUES (49,'CEDULA_DE_CIUDADANIA',14,'Charlotte Robbins','EMPLEADO');
INSERT INTO PERSONA_NATURAL (ID,DOCUMENTO,NUMERO_DOCUMENTO,NOMBRE,VINCULO) VALUES (50,'CEDULA_DE_CIUDADANIA',15,'Jonah Douglas','PERSONA_REGISTRADA');
INSERT INTO PERSONA_NATURAL (ID,DOCUMENTO,NUMERO_DOCUMENTO,NOMBRE,VINCULO) VALUES (51,'CEDULA_DE_CIUDADANIA',16,'Allen West','PADRE_ESTUDIANTE');
INSERT INTO PERSONA_NATURAL (ID,DOCUMENTO,NUMERO_DOCUMENTO,NOMBRE,VINCULO) VALUES (52,'PASAPORTE',17,'Xanthus Pugh','EGRESADO');
INSERT INTO PERSONA_NATURAL (ID,DOCUMENTO,NUMERO_DOCUMENTO,NOMBRE,VINCULO) VALUES (53,'CEDULA_DE_CIUDADANIA',18,'Gage Conner','ESTUDIANTE');
INSERT INTO PERSONA_NATURAL (ID,DOCUMENTO,NUMERO_DOCUMENTO,NOMBRE,VINCULO) VALUES (54,'PASAPORTE',19,'Rana Bruce','EMPLEADO');

INSERT INTO VIVIENDA_FAMILIAR (ID,ID_PERSONA_NATURAL, CAPACIDAD_OFRECIDA,CAPACIDAD_OCUPADA,DIAS_ESPORADICOS_UTILIZADOS,HORARIO_APERTURA,HORARIO_CIERRE,VINCULO) VALUES (1,35,15,17,8,9,16,'EGRESADO');
INSERT INTO VIVIENDA_FAMILIAR (ID,ID_PERSONA_NATURAL,CAPACIDAD_OFRECIDA,CAPACIDAD_OCUPADA,DIAS_ESPORADICOS_UTILIZADOS,HORARIO_APERTURA,HORARIO_CIERRE,VINCULO) VALUES (2,36,19,11,15,4,23,'EGRESADO');
INSERT INTO VIVIENDA_FAMILIAR (ID,ID_PERSONA_NATURAL,CAPACIDAD_OFRECIDA,CAPACIDAD_OCUPADA,DIAS_ESPORADICOS_UTILIZADOS,HORARIO_APERTURA,HORARIO_CIERRE,VINCULO) VALUES (3,37,1,9,18,10,16,'EMPLEADO');
INSERT INTO VIVIENDA_FAMILIAR (ID,ID_PERSONA_NATURAL,CAPACIDAD_OFRECIDA,CAPACIDAD_OCUPADA,DIAS_ESPORADICOS_UTILIZADOS,HORARIO_APERTURA,HORARIO_CIERRE,VINCULO) VALUES (4,38,3,6,28,11,23,'PROFESOR');
INSERT INTO VIVIENDA_FAMILIAR (ID,ID_PERSONA_NATURAL,CAPACIDAD_OFRECIDA,CAPACIDAD_OCUPADA,DIAS_ESPORADICOS_UTILIZADOS,HORARIO_APERTURA,HORARIO_CIERRE,VINCULO) VALUES (5,39,25,11,4,8,12,'ESTUDIANTE');
INSERT INTO VIVIENDA_FAMILIAR (ID,ID_PERSONA_NATURAL,CAPACIDAD_OFRECIDA,CAPACIDAD_OCUPADA,DIAS_ESPORADICOS_UTILIZADOS,HORARIO_APERTURA,HORARIO_CIERRE,VINCULO) VALUES (6,40,18,10,1,5,15,'EGRESADO');
INSERT INTO VIVIENDA_FAMILIAR (ID,ID_PERSONA_NATURAL,CAPACIDAD_OFRECIDA,CAPACIDAD_OCUPADA,DIAS_ESPORADICOS_UTILIZADOS,HORARIO_APERTURA,HORARIO_CIERRE,VINCULO) VALUES (7,41,9,5,0,4,20,'EMPLEADO');
INSERT INTO VIVIENDA_FAMILIAR (ID,ID_PERSONA_NATURAL,CAPACIDAD_OFRECIDA,CAPACIDAD_OCUPADA,DIAS_ESPORADICOS_UTILIZADOS,HORARIO_APERTURA,HORARIO_CIERRE,VINCULO) VALUES (8,42,25,6,22,6,18,'EGRESADO');
INSERT INTO VIVIENDA_FAMILIAR (ID,ID_PERSONA_NATURAL,CAPACIDAD_OFRECIDA,CAPACIDAD_OCUPADA,DIAS_ESPORADICOS_UTILIZADOS,HORARIO_APERTURA,HORARIO_CIERRE,VINCULO) VALUES (10,43,6,7,11,1,18,'EGRESADO');
INSERT INTO VIVIENDA_FAMILIAR (ID,ID_PERSONA_NATURAL,CAPACIDAD_OFRECIDA,CAPACIDAD_OCUPADA,DIAS_ESPORADICOS_UTILIZADOS,HORARIO_APERTURA,HORARIO_CIERRE,VINCULO) VALUES (9,44,2,19,6,11,24,'EGRESADO');
INSERT INTO VIVIENDA_FAMILIAR (ID,ID_PERSONA_NATURAL,CAPACIDAD_OFRECIDA,CAPACIDAD_OCUPADA,DIAS_ESPORADICOS_UTILIZADOS,HORARIO_APERTURA,HORARIO_CIERRE,VINCULO) VALUES (11,45,23,4,21,4,19,'ESTUDIANTE');
INSERT INTO VIVIENDA_FAMILIAR (ID,ID_PERSONA_NATURAL,CAPACIDAD_OFRECIDA,CAPACIDAD_OCUPADA,DIAS_ESPORADICOS_UTILIZADOS,HORARIO_APERTURA,HORARIO_CIERRE,VINCULO) VALUES (12,46, 5,21,0,16,22,'PADRE_ESTUDIANTE');
INSERT INTO VIVIENDA_FAMILIAR (ID,ID_PERSONA_NATURAL,CAPACIDAD_OFRECIDA,CAPACIDAD_OCUPADA,DIAS_ESPORADICOS_UTILIZADOS,HORARIO_APERTURA,HORARIO_CIERRE,VINCULO) VALUES (13,47,8,14,5,3,10,'PADRE_ESTUDIANTE');
INSERT INTO VIVIENDA_FAMILIAR (ID,ID_PERSONA_NATURAL,CAPACIDAD_OFRECIDA,CAPACIDAD_OCUPADA,DIAS_ESPORADICOS_UTILIZADOS,HORARIO_APERTURA,HORARIO_CIERRE,VINCULO) VALUES (14,48,0,11,7,8,18,'EMPLEADO');
INSERT INTO VIVIENDA_FAMILIAR (ID,ID_PERSONA_NATURAL,CAPACIDAD_OFRECIDA,CAPACIDAD_OCUPADA,DIAS_ESPORADICOS_UTILIZADOS,HORARIO_APERTURA,HORARIO_CIERRE,VINCULO) VALUES (15,49,2,23,29,1,13,'PROFESOR');
INSERT INTO VIVIENDA_FAMILIAR (ID,ID_PERSONA_NATURAL,CAPACIDAD_OFRECIDA,CAPACIDAD_OCUPADA,DIAS_ESPORADICOS_UTILIZADOS,HORARIO_APERTURA,HORARIO_CIERRE,VINCULO) VALUES (16,50,6,14,11,3,22,'PROFESOR');
INSERT INTO VIVIENDA_FAMILIAR (ID,ID_PERSONA_NATURAL,CAPACIDAD_OFRECIDA,CAPACIDAD_OCUPADA,DIAS_ESPORADICOS_UTILIZADOS,HORARIO_APERTURA,HORARIO_CIERRE,VINCULO) VALUES (17,51,9,9,20,7,21,'EGRESADO');
INSERT INTO VIVIENDA_FAMILIAR (ID,ID_PERSONA_NATURAL,CAPACIDAD_OFRECIDA,CAPACIDAD_OCUPADA,DIAS_ESPORADICOS_UTILIZADOS,HORARIO_APERTURA,HORARIO_CIERRE,VINCULO) VALUES (18,52,20,1,14,5,14,'PADRE_ESTUDIANTE');
INSERT INTO VIVIENDA_FAMILIAR (ID,ID_PERSONA_NATURAL,CAPACIDAD_OFRECIDA,CAPACIDAD_OCUPADA,DIAS_ESPORADICOS_UTILIZADOS,HORARIO_APERTURA,HORARIO_CIERRE,VINCULO) VALUES (19,53,25,10,5,8,22,'PADRE_ESTUDIANTE');
INSERT INTO VIVIENDA_FAMILIAR (ID,ID_PERSONA_NATURAL,CAPACIDAD_OFRECIDA,CAPACIDAD_OCUPADA,DIAS_ESPORADICOS_UTILIZADOS,HORARIO_APERTURA,HORARIO_CIERRE,VINCULO) VALUES (20,54,3,2,10,10,20,'PROFESOR');


INSERT INTO CONTRATO_HAB_VIVIENDA (ID_CONTRATO,ID_VIVIENDA,MESES_CONTRATADOS) VALUES (61,9,47);
INSERT INTO CONTRATO_HAB_VIVIENDA (ID_CONTRATO,ID_VIVIENDA,MESES_CONTRATADOS) VALUES (62,1,24);
INSERT INTO CONTRATO_HAB_VIVIENDA (ID_CONTRATO,ID_VIVIENDA,MESES_CONTRATADOS) VALUES (63,6,21);
INSERT INTO CONTRATO_HAB_VIVIENDA (ID_CONTRATO,ID_VIVIENDA,MESES_CONTRATADOS) VALUES (64,7,1);
INSERT INTO CONTRATO_HAB_VIVIENDA (ID_CONTRATO,ID_VIVIENDA,MESES_CONTRATADOS) VALUES (65,20,43);
INSERT INTO CONTRATO_HAB_VIVIENDA (ID_CONTRATO,ID_VIVIENDA,MESES_CONTRATADOS) VALUES (66,17,28);
INSERT INTO CONTRATO_HAB_VIVIENDA (ID_CONTRATO,ID_VIVIENDA,MESES_CONTRATADOS) VALUES (67,14,20);
INSERT INTO CONTRATO_HAB_VIVIENDA (ID_CONTRATO,ID_VIVIENDA,MESES_CONTRATADOS) VALUES (68,4,18);
INSERT INTO CONTRATO_HAB_VIVIENDA (ID_CONTRATO,ID_VIVIENDA,MESES_CONTRATADOS) VALUES (69,1,5);
INSERT INTO CONTRATO_HAB_VIVIENDA (ID_CONTRATO,ID_VIVIENDA,MESES_CONTRATADOS) VALUES (70,2,2);
INSERT INTO CONTRATO_HAB_VIVIENDA (ID_CONTRATO,ID_VIVIENDA,MESES_CONTRATADOS) VALUES (71,17,12);
INSERT INTO CONTRATO_HAB_VIVIENDA (ID_CONTRATO,ID_VIVIENDA,MESES_CONTRATADOS) VALUES (72,16,26);
INSERT INTO CONTRATO_HAB_VIVIENDA (ID_CONTRATO,ID_VIVIENDA,MESES_CONTRATADOS) VALUES (73,2,7);
INSERT INTO CONTRATO_HAB_VIVIENDA (ID_CONTRATO,ID_VIVIENDA,MESES_CONTRATADOS) VALUES (74,17,40);
INSERT INTO CONTRATO_HAB_VIVIENDA (ID_CONTRATO,ID_VIVIENDA,MESES_CONTRATADOS) VALUES (75,6,21);
INSERT INTO CONTRATO_HAB_VIVIENDA (ID_CONTRATO,ID_VIVIENDA,MESES_CONTRATADOS) VALUES (76,6,22);
INSERT INTO CONTRATO_HAB_VIVIENDA (ID_CONTRATO,ID_VIVIENDA,MESES_CONTRATADOS) VALUES (77,10,20);
INSERT INTO CONTRATO_HAB_VIVIENDA (ID_CONTRATO,ID_VIVIENDA,MESES_CONTRATADOS) VALUES (78,2,32);
INSERT INTO CONTRATO_HAB_VIVIENDA (ID_CONTRATO,ID_VIVIENDA,MESES_CONTRATADOS) VALUES (79,9,21);
INSERT INTO CONTRATO_HAB_VIVIENDA (ID_CONTRATO,ID_VIVIENDA,MESES_CONTRATADOS) VALUES (80,1,2);


INSERT INTO APARTAMENTO (ID,ID_PERSONA_NATURAL,CAPACIDAD_OFRECIDA,CAPACIDAD_OCUPADA,DIAS_ESPORADICOS_UTILIZADOS,ESTA_AMOBLADO,VINCULO) VALUES (1,35,8,9,20,'NO','PROFESOR');
INSERT INTO APARTAMENTO (ID,ID_PERSONA_NATURAL,CAPACIDAD_OFRECIDA,CAPACIDAD_OCUPADA,DIAS_ESPORADICOS_UTILIZADOS,ESTA_AMOBLADO,VINCULO) VALUES (2,36,14,2,11,'YES','PADRE_ESTUDIANTE');
INSERT INTO APARTAMENTO (ID,ID_PERSONA_NATURAL,CAPACIDAD_OFRECIDA,CAPACIDAD_OCUPADA,DIAS_ESPORADICOS_UTILIZADOS,ESTA_AMOBLADO,VINCULO) VALUES (3,37,2,4,17,'NO','EMPLEADO');
INSERT INTO APARTAMENTO (ID,ID_PERSONA_NATURAL,CAPACIDAD_OFRECIDA,CAPACIDAD_OCUPADA,DIAS_ESPORADICOS_UTILIZADOS,ESTA_AMOBLADO,VINCULO) VALUES (4,38,7,6,5,'YES','PROFESOR');
INSERT INTO APARTAMENTO (ID,ID_PERSONA_NATURAL,CAPACIDAD_OFRECIDA,CAPACIDAD_OCUPADA,DIAS_ESPORADICOS_UTILIZADOS,ESTA_AMOBLADO,VINCULO) VALUES (5,39,2,1,27,'NO','ESTUDIANTE');
INSERT INTO APARTAMENTO (ID,ID_PERSONA_NATURAL,CAPACIDAD_OFRECIDA,CAPACIDAD_OCUPADA,DIAS_ESPORADICOS_UTILIZADOS,ESTA_AMOBLADO,VINCULO) VALUES (6,40,10,2,5,'YES','EMPLEADO');
INSERT INTO APARTAMENTO (ID,ID_PERSONA_NATURAL,CAPACIDAD_OFRECIDA,CAPACIDAD_OCUPADA,DIAS_ESPORADICOS_UTILIZADOS,ESTA_AMOBLADO,VINCULO) VALUES (7,41,3,10,8,'NO','ESTUDIANTE');
INSERT INTO APARTAMENTO (ID,ID_PERSONA_NATURAL,CAPACIDAD_OFRECIDA,CAPACIDAD_OCUPADA,DIAS_ESPORADICOS_UTILIZADOS,ESTA_AMOBLADO,VINCULO) VALUES (8,42,6,0,1,'NO','ESTUDIANTE');
INSERT INTO APARTAMENTO (ID,ID_PERSONA_NATURAL,CAPACIDAD_OFRECIDA,CAPACIDAD_OCUPADA,DIAS_ESPORADICOS_UTILIZADOS,ESTA_AMOBLADO,VINCULO) VALUES (9,43,13,8,27,'NO','PROFESOR');
INSERT INTO APARTAMENTO (ID,ID_PERSONA_NATURAL,CAPACIDAD_OFRECIDA,CAPACIDAD_OCUPADA,DIAS_ESPORADICOS_UTILIZADOS,ESTA_AMOBLADO,VINCULO) VALUES (10,44,12,7,4,'NO','PROFESOR');
INSERT INTO APARTAMENTO (ID,ID_PERSONA_NATURAL,CAPACIDAD_OFRECIDA,CAPACIDAD_OCUPADA,DIAS_ESPORADICOS_UTILIZADOS,ESTA_AMOBLADO,VINCULO) VALUES (11,45,7,2,26,'NO','EGRESADO');
INSERT INTO APARTAMENTO (ID,ID_PERSONA_NATURAL,CAPACIDAD_OFRECIDA,CAPACIDAD_OCUPADA,DIAS_ESPORADICOS_UTILIZADOS,ESTA_AMOBLADO,VINCULO) VALUES (12,46,7,12,9,'YES','EGRESADO');
INSERT INTO APARTAMENTO (ID,ID_PERSONA_NATURAL,CAPACIDAD_OFRECIDA,CAPACIDAD_OCUPADA,DIAS_ESPORADICOS_UTILIZADOS,ESTA_AMOBLADO,VINCULO) VALUES (13,47,4,12,15,'NO','ESTUDIANTE');
INSERT INTO APARTAMENTO (ID,ID_PERSONA_NATURAL,CAPACIDAD_OFRECIDA,CAPACIDAD_OCUPADA,DIAS_ESPORADICOS_UTILIZADOS,ESTA_AMOBLADO,VINCULO) VALUES (14,48,5,13,4,'NO','PROFESOR');
INSERT INTO APARTAMENTO (ID,ID_PERSONA_NATURAL,CAPACIDAD_OFRECIDA,CAPACIDAD_OCUPADA,DIAS_ESPORADICOS_UTILIZADOS,ESTA_AMOBLADO,VINCULO) VALUES (15,49,1,15,26,'YES','PROFESOR');
INSERT INTO APARTAMENTO (ID,ID_PERSONA_NATURAL,CAPACIDAD_OFRECIDA,CAPACIDAD_OCUPADA,DIAS_ESPORADICOS_UTILIZADOS,ESTA_AMOBLADO,VINCULO) VALUES (16,50,5,11,30,'NO','PADRE_ESTUDIANTE');
INSERT INTO APARTAMENTO (ID,ID_PERSONA_NATURAL,CAPACIDAD_OFRECIDA,CAPACIDAD_OCUPADA,DIAS_ESPORADICOS_UTILIZADOS,ESTA_AMOBLADO,VINCULO) VALUES (17,51,5,3,10,'YES','PROFESOR');
INSERT INTO APARTAMENTO (ID,ID_PERSONA_NATURAL,CAPACIDAD_OFRECIDA,CAPACIDAD_OCUPADA,DIAS_ESPORADICOS_UTILIZADOS,ESTA_AMOBLADO,VINCULO) VALUES (18,52,7,14,23,'NO','EGRESADO');
INSERT INTO APARTAMENTO (ID,ID_PERSONA_NATURAL,CAPACIDAD_OFRECIDA,CAPACIDAD_OCUPADA,DIAS_ESPORADICOS_UTILIZADOS,ESTA_AMOBLADO,VINCULO) VALUES (19,53,6,11,23,'NO','ESTUDIANTE');
INSERT INTO APARTAMENTO (ID,ID_PERSONA_NATURAL,CAPACIDAD_OFRECIDA,CAPACIDAD_OCUPADA,DIAS_ESPORADICOS_UTILIZADOS,ESTA_AMOBLADO,VINCULO) VALUES (20,54,15,12,6,'NO','PROFESOR');


INSERT INTO CONTRATO_APARTAMENTO (ID_CONTRATO,ID_APARTAMENTO,MESES_CONTRATADOS) VALUES (81,1,8);
INSERT INTO CONTRATO_APARTAMENTO (ID_CONTRATO,ID_APARTAMENTO,MESES_CONTRATADOS) VALUES (82,2,36);
INSERT INTO CONTRATO_APARTAMENTO (ID_CONTRATO,ID_APARTAMENTO,MESES_CONTRATADOS) VALUES (83,3,13);
INSERT INTO CONTRATO_APARTAMENTO (ID_CONTRATO,ID_APARTAMENTO,MESES_CONTRATADOS) VALUES (84,4,8);
INSERT INTO CONTRATO_APARTAMENTO (ID_CONTRATO,ID_APARTAMENTO,MESES_CONTRATADOS) VALUES (85,5,1);
INSERT INTO CONTRATO_APARTAMENTO (ID_CONTRATO,ID_APARTAMENTO,MESES_CONTRATADOS) VALUES (86,6,3);
INSERT INTO CONTRATO_APARTAMENTO (ID_CONTRATO,ID_APARTAMENTO,MESES_CONTRATADOS) VALUES (87,7,28);
INSERT INTO CONTRATO_APARTAMENTO (ID_CONTRATO,ID_APARTAMENTO,MESES_CONTRATADOS) VALUES (88,8,39);
INSERT INTO CONTRATO_APARTAMENTO (ID_CONTRATO,ID_APARTAMENTO,MESES_CONTRATADOS) VALUES (89,9,9);
INSERT INTO CONTRATO_APARTAMENTO (ID_CONTRATO,ID_APARTAMENTO,MESES_CONTRATADOS) VALUES (90,10,23);
INSERT INTO CONTRATO_APARTAMENTO (ID_CONTRATO,ID_APARTAMENTO,MESES_CONTRATADOS) VALUES (91,11,12);
INSERT INTO CONTRATO_APARTAMENTO (ID_CONTRATO,ID_APARTAMENTO,MESES_CONTRATADOS) VALUES (92,12,1);
INSERT INTO CONTRATO_APARTAMENTO (ID_CONTRATO,ID_APARTAMENTO,MESES_CONTRATADOS) VALUES (93,13,11);
INSERT INTO CONTRATO_APARTAMENTO (ID_CONTRATO,ID_APARTAMENTO,MESES_CONTRATADOS) VALUES (94,14,24);
INSERT INTO CONTRATO_APARTAMENTO (ID_CONTRATO,ID_APARTAMENTO,MESES_CONTRATADOS) VALUES (95,15,16);
INSERT INTO CONTRATO_APARTAMENTO (ID_CONTRATO,ID_APARTAMENTO,MESES_CONTRATADOS) VALUES (96,16,5);
INSERT INTO CONTRATO_APARTAMENTO (ID_CONTRATO,ID_APARTAMENTO,MESES_CONTRATADOS) VALUES (97,17,16);
INSERT INTO CONTRATO_APARTAMENTO (ID_CONTRATO,ID_APARTAMENTO,MESES_CONTRATADOS) VALUES (98,18,15);
INSERT INTO CONTRATO_APARTAMENTO (ID_CONTRATO,ID_APARTAMENTO,MESES_CONTRATADOS) VALUES (99,19,46);
INSERT INTO CONTRATO_APARTAMENTO (ID_CONTRATO,ID_APARTAMENTO,MESES_CONTRATADOS) VALUES (100,20,22);


INSERT INTO CONTRATO_CLIENTE_ESPORADICO (ID_CONTRATO,ID_APARTAMENTO,ID_VIVIENDA,CANTIDAD_NOCHES,COSTO_BASE,COSTO_SEGURO,NUM_HABITACIONES,UBICACION) VALUES (101,1,1,1,1182964,1600362,22,'1');
INSERT INTO CONTRATO_CLIENTE_ESPORADICO (ID_CONTRATO,ID_APARTAMENTO,ID_VIVIENDA,CANTIDAD_NOCHES,COSTO_BASE,COSTO_SEGURO,NUM_HABITACIONES,UBICACION) VALUES (102,2,2,23,724746,891862,13,'14');
INSERT INTO CONTRATO_CLIENTE_ESPORADICO (ID_CONTRATO,ID_APARTAMENTO,ID_VIVIENDA,CANTIDAD_NOCHES,COSTO_BASE,COSTO_SEGURO,NUM_HABITACIONES,UBICACION) VALUES (103,3,3,25,1914037,1643914,0,'7');
INSERT INTO CONTRATO_CLIENTE_ESPORADICO (ID_CONTRATO,ID_APARTAMENTO,ID_VIVIENDA,CANTIDAD_NOCHES,COSTO_BASE,COSTO_SEGURO,NUM_HABITACIONES,UBICACION) VALUES (104,4,4,29,1588581,1600548,5,'90');
INSERT INTO CONTRATO_CLIENTE_ESPORADICO (ID_CONTRATO,ID_APARTAMENTO,ID_VIVIENDA,CANTIDAD_NOCHES,COSTO_BASE,COSTO_SEGURO,NUM_HABITACIONES,UBICACION) VALUES (105,5,5,13,1980388,1728435,5,'1');
INSERT INTO CONTRATO_CLIENTE_ESPORADICO (ID_CONTRATO,ID_APARTAMENTO,ID_VIVIENDA,CANTIDAD_NOCHES,COSTO_BASE,COSTO_SEGURO,NUM_HABITACIONES,UBICACION) VALUES (106,6,6,9,1452921,632252,4,'5');
INSERT INTO CONTRATO_CLIENTE_ESPORADICO (ID_CONTRATO,ID_APARTAMENTO,ID_VIVIENDA,CANTIDAD_NOCHES,COSTO_BASE,COSTO_SEGURO,NUM_HABITACIONES,UBICACION) VALUES (107,7,7,30,1433957,1268696,13,'3');
INSERT INTO CONTRATO_CLIENTE_ESPORADICO (ID_CONTRATO,ID_APARTAMENTO,ID_VIVIENDA,CANTIDAD_NOCHES,COSTO_BASE,COSTO_SEGURO,NUM_HABITACIONES,UBICACION) VALUES (108,8,8,1,827864,1654110,16,'2');
INSERT INTO CONTRATO_CLIENTE_ESPORADICO (ID_CONTRATO,ID_APARTAMENTO,ID_VIVIENDA,CANTIDAD_NOCHES,COSTO_BASE,COSTO_SEGURO,NUM_HABITACIONES,UBICACION) VALUES (109,9,9,17,1346908,1269946,24,'03');
INSERT INTO CONTRATO_CLIENTE_ESPORADICO (ID_CONTRATO,ID_APARTAMENTO,ID_VIVIENDA,CANTIDAD_NOCHES,COSTO_BASE,COSTO_SEGURO,NUM_HABITACIONES,UBICACION) VALUES (110,10,10,29,1239178,802693,17,'5');
INSERT INTO CONTRATO_CLIENTE_ESPORADICO (ID_CONTRATO,ID_APARTAMENTO,ID_VIVIENDA,CANTIDAD_NOCHES,COSTO_BASE,COSTO_SEGURO,NUM_HABITACIONES,UBICACION) VALUES (111,11,11,11,1469762,592791,11,'07');
INSERT INTO CONTRATO_CLIENTE_ESPORADICO (ID_CONTRATO,ID_APARTAMENTO,ID_VIVIENDA,CANTIDAD_NOCHES,COSTO_BASE,COSTO_SEGURO,NUM_HABITACIONES,UBICACION) VALUES (112,12,12,9,216633,352769,14,'7');
INSERT INTO CONTRATO_CLIENTE_ESPORADICO (ID_CONTRATO,ID_APARTAMENTO,ID_VIVIENDA,CANTIDAD_NOCHES,COSTO_BASE,COSTO_SEGURO,NUM_HABITACIONES,UBICACION) VALUES (113,13,13,22,831547,1386930,3,'0');
INSERT INTO CONTRATO_CLIENTE_ESPORADICO (ID_CONTRATO,ID_APARTAMENTO,ID_VIVIENDA,CANTIDAD_NOCHES,COSTO_BASE,COSTO_SEGURO,NUM_HABITACIONES,UBICACION) VALUES (114,14,14,16,1491046,1703442,9,'43');
INSERT INTO CONTRATO_CLIENTE_ESPORADICO (ID_CONTRATO,ID_APARTAMENTO,ID_VIVIENDA,CANTIDAD_NOCHES,COSTO_BASE,COSTO_SEGURO,NUM_HABITACIONES,UBICACION) VALUES (115,15,15,26,437731,892904,14,'0');
INSERT INTO CONTRATO_CLIENTE_ESPORADICO (ID_CONTRATO,ID_APARTAMENTO,ID_VIVIENDA,CANTIDAD_NOCHES,COSTO_BASE,COSTO_SEGURO,NUM_HABITACIONES,UBICACION) VALUES (116,16,16,26,1103565,1808179,19,'11');
INSERT INTO CONTRATO_CLIENTE_ESPORADICO (ID_CONTRATO,ID_APARTAMENTO,ID_VIVIENDA,CANTIDAD_NOCHES,COSTO_BASE,COSTO_SEGURO,NUM_HABITACIONES,UBICACION) VALUES (117,17,17,19,1929042,1965292,16,'32');
INSERT INTO CONTRATO_CLIENTE_ESPORADICO (ID_CONTRATO,ID_APARTAMENTO,ID_VIVIENDA,CANTIDAD_NOCHES,COSTO_BASE,COSTO_SEGURO,NUM_HABITACIONES,UBICACION) VALUES (118,18,18,20,288710,1977745,7,'1');
INSERT INTO CONTRATO_CLIENTE_ESPORADICO (ID_CONTRATO,ID_APARTAMENTO,ID_VIVIENDA,CANTIDAD_NOCHES,COSTO_BASE,COSTO_SEGURO,NUM_HABITACIONES,UBICACION) VALUES (119,19,19,26,921976,729500,1,'13');
INSERT INTO CONTRATO_CLIENTE_ESPORADICO (ID_CONTRATO,ID_APARTAMENTO,ID_VIVIENDA,CANTIDAD_NOCHES,COSTO_BASE,COSTO_SEGURO,NUM_HABITACIONES,UBICACION) VALUES (120,20,20,18,1063746,392544,22,'52');



INSERT INTO SEGURO_ARRENDAMIENTO (ID,ACTOS_POR_TERCEROS,CANON_ARRENDAMIENTO,DANIOS_INCENDIO,DANIOS_MASCOTAS,DANIOS_RAYOS,DANIOS_TERREMOTO,EXPLOSIONES,HURTO,INUNDACIONES) VALUES (1,'NO','YES','YES','YES','NO','YES','YES','YES','NO');
INSERT INTO SEGURO_ARRENDAMIENTO (ID,ACTOS_POR_TERCEROS,CANON_ARRENDAMIENTO,DANIOS_INCENDIO,DANIOS_MASCOTAS,DANIOS_RAYOS,DANIOS_TERREMOTO,EXPLOSIONES,HURTO,INUNDACIONES) VALUES (2,'NO','NO','NO','NO','NO','YES','NO','YES','NO');
INSERT INTO SEGURO_ARRENDAMIENTO (ID,ACTOS_POR_TERCEROS,CANON_ARRENDAMIENTO,DANIOS_INCENDIO,DANIOS_MASCOTAS,DANIOS_RAYOS,DANIOS_TERREMOTO,EXPLOSIONES,HURTO,INUNDACIONES) VALUES (3,'NO','YES','YES','NO','NO','YES','NO','NO','YES');
INSERT INTO SEGURO_ARRENDAMIENTO (ID,ACTOS_POR_TERCEROS,CANON_ARRENDAMIENTO,DANIOS_INCENDIO,DANIOS_MASCOTAS,DANIOS_RAYOS,DANIOS_TERREMOTO,EXPLOSIONES,HURTO,INUNDACIONES) VALUES (4,'YES','YES','YES','YES','NO','YES','NO','YES','NO');
INSERT INTO SEGURO_ARRENDAMIENTO (ID,ACTOS_POR_TERCEROS,CANON_ARRENDAMIENTO,DANIOS_INCENDIO,DANIOS_MASCOTAS,DANIOS_RAYOS,DANIOS_TERREMOTO,EXPLOSIONES,HURTO,INUNDACIONES) VALUES (5,'YES','YES','NO','NO','YES','YES','NO','NO','YES');
INSERT INTO SEGURO_ARRENDAMIENTO (ID,ACTOS_POR_TERCEROS,CANON_ARRENDAMIENTO,DANIOS_INCENDIO,DANIOS_MASCOTAS,DANIOS_RAYOS,DANIOS_TERREMOTO,EXPLOSIONES,HURTO,INUNDACIONES) VALUES (6,'NO','NO','NO','YES','YES','NO','YES','NO','YES');
INSERT INTO SEGURO_ARRENDAMIENTO (ID,ACTOS_POR_TERCEROS,CANON_ARRENDAMIENTO,DANIOS_INCENDIO,DANIOS_MASCOTAS,DANIOS_RAYOS,DANIOS_TERREMOTO,EXPLOSIONES,HURTO,INUNDACIONES) VALUES (7,'NO','YES','YES','NO','NO','YES','NO','YES','NO');
INSERT INTO SEGURO_ARRENDAMIENTO (ID,ACTOS_POR_TERCEROS,CANON_ARRENDAMIENTO,DANIOS_INCENDIO,DANIOS_MASCOTAS,DANIOS_RAYOS,DANIOS_TERREMOTO,EXPLOSIONES,HURTO,INUNDACIONES) VALUES (8,'NO','NO','NO','NO','YES','YES','NO','YES','NO');
INSERT INTO SEGURO_ARRENDAMIENTO (ID,ACTOS_POR_TERCEROS,CANON_ARRENDAMIENTO,DANIOS_INCENDIO,DANIOS_MASCOTAS,DANIOS_RAYOS,DANIOS_TERREMOTO,EXPLOSIONES,HURTO,INUNDACIONES) VALUES (9,'NO','YES','NO','NO','YES','YES','YES','NO','YES');
INSERT INTO SEGURO_ARRENDAMIENTO (ID,ACTOS_POR_TERCEROS,CANON_ARRENDAMIENTO,DANIOS_INCENDIO,DANIOS_MASCOTAS,DANIOS_RAYOS,DANIOS_TERREMOTO,EXPLOSIONES,HURTO,INUNDACIONES) VALUES (10,'YES','NO','YES','NO','YES','NO','NO','YES','NO');
INSERT INTO SEGURO_ARRENDAMIENTO (ID,ACTOS_POR_TERCEROS,CANON_ARRENDAMIENTO,DANIOS_INCENDIO,DANIOS_MASCOTAS,DANIOS_RAYOS,DANIOS_TERREMOTO,EXPLOSIONES,HURTO,INUNDACIONES) VALUES (11,'NO','YES','NO','NO','NO','YES','YES','NO','NO');
INSERT INTO SEGURO_ARRENDAMIENTO (ID,ACTOS_POR_TERCEROS,CANON_ARRENDAMIENTO,DANIOS_INCENDIO,DANIOS_MASCOTAS,DANIOS_RAYOS,DANIOS_TERREMOTO,EXPLOSIONES,HURTO,INUNDACIONES) VALUES (12,'NO','YES','NO','YES','NO','NO','NO','YES','YES');
INSERT INTO SEGURO_ARRENDAMIENTO (ID,ACTOS_POR_TERCEROS,CANON_ARRENDAMIENTO,DANIOS_INCENDIO,DANIOS_MASCOTAS,DANIOS_RAYOS,DANIOS_TERREMOTO,EXPLOSIONES,HURTO,INUNDACIONES) VALUES (13,'YES','YES','NO','YES','NO','NO','NO','NO','NO');
INSERT INTO SEGURO_ARRENDAMIENTO (ID,ACTOS_POR_TERCEROS,CANON_ARRENDAMIENTO,DANIOS_INCENDIO,DANIOS_MASCOTAS,DANIOS_RAYOS,DANIOS_TERREMOTO,EXPLOSIONES,HURTO,INUNDACIONES) VALUES (14,'NO','YES','NO','YES','YES','YES','NO','YES','NO');
INSERT INTO SEGURO_ARRENDAMIENTO (ID,ACTOS_POR_TERCEROS,CANON_ARRENDAMIENTO,DANIOS_INCENDIO,DANIOS_MASCOTAS,DANIOS_RAYOS,DANIOS_TERREMOTO,EXPLOSIONES,HURTO,INUNDACIONES) VALUES (15,'NO','NO','YES','YES','YES','NO','YES','YES','NO');
INSERT INTO SEGURO_ARRENDAMIENTO (ID,ACTOS_POR_TERCEROS,CANON_ARRENDAMIENTO,DANIOS_INCENDIO,DANIOS_MASCOTAS,DANIOS_RAYOS,DANIOS_TERREMOTO,EXPLOSIONES,HURTO,INUNDACIONES) VALUES (16,'NO','NO','YES','NO','NO','NO','NO','NO','NO');
INSERT INTO SEGURO_ARRENDAMIENTO (ID,ACTOS_POR_TERCEROS,CANON_ARRENDAMIENTO,DANIOS_INCENDIO,DANIOS_MASCOTAS,DANIOS_RAYOS,DANIOS_TERREMOTO,EXPLOSIONES,HURTO,INUNDACIONES) VALUES (17,'NO','YES','YES','YES','YES','NO','YES','NO','NO');
INSERT INTO SEGURO_ARRENDAMIENTO (ID,ACTOS_POR_TERCEROS,CANON_ARRENDAMIENTO,DANIOS_INCENDIO,DANIOS_MASCOTAS,DANIOS_RAYOS,DANIOS_TERREMOTO,EXPLOSIONES,HURTO,INUNDACIONES) VALUES (18,'YES','NO','YES','YES','NO','YES','YES','YES','YES');
INSERT INTO SEGURO_ARRENDAMIENTO (ID,ACTOS_POR_TERCEROS,CANON_ARRENDAMIENTO,DANIOS_INCENDIO,DANIOS_MASCOTAS,DANIOS_RAYOS,DANIOS_TERREMOTO,EXPLOSIONES,HURTO,INUNDACIONES) VALUES (19,'YES','NO','YES','NO','YES','NO','YES','NO','NO');
INSERT INTO SEGURO_ARRENDAMIENTO (ID,ACTOS_POR_TERCEROS,CANON_ARRENDAMIENTO,DANIOS_INCENDIO,DANIOS_MASCOTAS,DANIOS_RAYOS,DANIOS_TERREMOTO,EXPLOSIONES,HURTO,INUNDACIONES) VALUES (20,'NO','NO','NO','YES','YES','YES','NO','NO','NO');



INSERT INTO RESERVA VALUES (1,41,2,'25/03/2020 4:12:44','8/04/2020 3:00:44','1/04/2020 3:00:44','14/03/2020 12:24:03','VIVIENDA_UNIVERSITARIA',15);
INSERT INTO RESERVA VALUES (2,90,4,'29/03/2020 3:25:28','12/04/2020 1:01:28','5/04/2020 1:01:28','17/02/2020 3:30:17','APARTAMENTO',16);
INSERT INTO RESERVA VALUES (3,117,1,'1/04/2020 6:38:12','15/04/2020 3:02:12','8/04/2020 3:02:12','3/01/2020 5:09:16','CLIENTE_ESPORADICO',17);
INSERT INTO RESERVA VALUES (4,84,2,'5/04/2020 5:50:57','19/04/2020 1:02:57','12/04/2020 1:02:57','25/01/2020 9:51:57','APARTAMENTO',16);
INSERT INTO RESERVA VALUES (5,12,5,'8/04/2020 9:03:41','22/04/2020 3:03:41','15/04/2020 3:03:41','30/01/2020 1:59:08','HOTEL',6);
INSERT INTO RESERVA VALUES (6,44,4,'12/04/2020 8:16:25','26/04/2020 1:04:25','19/04/2020 1:04:25','27/01/2020 1:51:19','VIVIENDA_UNIVERSITARIA',9);
INSERT INTO RESERVA VALUES (7,33,1,'15/04/2020 1:29:09','29/04/2020 3:05:09','22/04/2020 3:05:09','9/01/2020 11:40:12','HOSTAL',1);
INSERT INTO RESERVA VALUES (8,3,2,'15/04/2020 1:29:09','29/04/2020 3:05:09','22/04/2020 3:05:09','9/01/2020 11:40:12','HOTEL',10);
INSERT INTO RESERVA VALUES (9,32,4,'19/04/2020 10:41:54','3/05/2020 10:05:54','26/04/2020 10:05:54','10/03/2020 10:01:17','HOSTAL',9);
INSERT INTO RESERVA VALUES (10,55,5,'22/04/2020 10:54:38','6/05/2020 10:06:38','29/04/2020 10:06:38','6/01/2020 12:51:42','VIVIENDA_UNIVERSITARIA',10);
INSERT INTO RESERVA VALUES (11,56,3,'26/04/2020 10:07:22','10/05/2020 1:07:22','3/05/2020 1:07:22','21/03/2020 11:48:21','VIVIENDA_UNIVERSITARIA',2);
INSERT INTO RESERVA VALUES (12,52,3,'30/04/2020 2:20:06','13/05/2020 10:08:06','6/05/2020 12:08:06','7/03/2020 11:53:45','VIVIENDA_UNIVERSITARIA',5);
INSERT INTO RESERVA VALUES (13,12,4,'3/05/2020 8:32:51','17/05/2020 1:08:51','10/05/2020 1:08:51','13/02/2020 2:45:19','HOTEL',10);
INSERT INTO RESERVA VALUES (14,96,5,'7/05/2020 4:45:35','20/05/2020 12:09:35','13/05/2020 12:09:35','11/01/2020 12:49:16','APARTAMENTO',19);
INSERT INTO RESERVA VALUES (15,86,4,'10/05/2020 11:58:19','24/05/2020 1:10:19','17/05/2020 1:10:19','22/01/2020 2:47:57','APARTAMENTO',1);
INSERT INTO RESERVA VALUES (16,47,5,'14/05/2020 7:11:03','27/05/2020 12:11:03','20/05/2020 12:11:03','28/01/2020 6:52:03','VIVIENDA_UNIVERSITARIA',20);
INSERT INTO RESERVA VALUES (17,59,4,'17/05/2020 10:23:48','31/05/2020 1:11:48','24/05/2020 1:11:48','21/01/2020 9:46:29','VIVIENDA_UNIVERSITARIA',18);
INSERT INTO RESERVA VALUES (18,52,1,'21/05/2020 9:36:32','3/06/2020 10:12:32','27/05/2020 1:12:32','17/03/2020 10:50:36','VIVIENDA_UNIVERSITARIA',12);
INSERT INTO RESERVA VALUES (19,85,5,'24/05/2020 12:49:16','7/06/2020 1:13:16','31/05/2020 1:13:16','22/02/2020 3:36:01','APARTAMENTO',14);
INSERT INTO RESERVA VALUES (20,6,5,'28/05/2020 12:02:00','10/06/2020 11:14:00','3/06/2020 11:14:00','11/01/2020 11:30:53','HOTEL',17);
INSERT INTO RESERVA VALUES (21,66,2,'1/06/2020 1:14:45','14/06/2020 12:14:45','7/06/2020 12:14:45','29/02/2020 6:44:13','VIVIENDA_FAMILIAR',3);
INSERT INTO RESERVA VALUES (22,115,5,'4/06/2020 4:27:29','17/06/2020 3:15:29','10/06/2020 3:15:29','17/01/2020 8:33:52','CLIENTE_ESPORADICO',6);
INSERT INTO RESERVA VALUES (23,45,4,'8/06/2020 3:40:13','21/06/2020 10:16:13','14/06/2020 10:16:13','29/02/2020 10:15:30','VIVIENDA_UNIVERSITARIA',18);
INSERT INTO RESERVA VALUES (24,91,2,'11/06/2020 6:52:57','24/06/2020 3:16:57','17/06/2020 1:16:57','7/01/2020 3:11:37','APARTAMENTO',15);
INSERT INTO RESERVA VALUES (25,52,5,'15/06/2020 6:05:42','28/06/2020 1:17:42','21/06/2020 1:17:42','24/02/2020 6:26:12','VIVIENDA_UNIVERSITARIA',14);
INSERT INTO RESERVA VALUES (26,88,1,'18/06/2020 9:18:26','1/07/2020 12:18:26','24/06/2020 12:18:26','3/01/2020 12:59:39','APARTAMENTO',16);
INSERT INTO RESERVA VALUES (27,112,5,'22/06/2020 8:31:10','5/07/2020 1:19:10','28/06/2020 1:19:10','7/02/2020 5:07:58','CLIENTE_ESPORADICO',2);
INSERT INTO RESERVA VALUES (28,18,5,'25/06/2020 12:43:54','8/07/2020 12:19:54','1/07/2020 12:19:54','16/02/2020 1:35:29','HOTEL',14);
INSERT INTO RESERVA VALUES (29,101,3,'29/06/2020 10:56:39','12/07/2020 1:20:39','5/07/2020 1:20:39','21/01/2020 10:14:30','CLIENTE_ESPORADICO',20);
INSERT INTO RESERVA VALUES (30,84,3,'3/07/2020 10:09:23','15/07/2020 10:21:23','8/07/2020 12:21:23','15/02/2020 8:45:59','APARTAMENTO',6);
INSERT INTO RESERVA VALUES (31,49,5,'6/07/2020 12:22:07','19/07/2020 1:22:07','12/07/2020 1:22:07','11/03/2020 10:39:41','VIVIENDA_UNIVERSITARIA',20);
INSERT INTO RESERVA VALUES (32,37,1,'10/07/2020 2:34:51','22/07/2020 12:22:51','15/07/2020 12:22:51','25/01/2020 1:31:57','HOSTAL',18);
INSERT INTO RESERVA VALUES (33,32,1,'13/07/2020 5:47:36','26/07/2020 1:23:36','19/07/2020 1:23:36','10/02/2020 2:19:11','HOSTAL',3);
INSERT INTO RESERVA VALUES (34,88,1,'17/07/2020 5:00:20','29/07/2020 3:24:20','22/07/2020 3:24:20','29/02/2020 4:53:04','APARTAMENTO',5);
INSERT INTO RESERVA VALUES (35,23,5,'20/07/2020 8:13:04','2/08/2020 1:25:04','26/07/2020 1:25:04','16/02/2020 12:28:25','HOSTAL',8);
INSERT INTO RESERVA VALUES (36,36,3,'24/07/2020 7:25:48','5/08/2020 3:25:48','29/07/2020 1:25:48','16/03/2020 1:26:43','HOSTAL',7);
INSERT INTO RESERVA VALUES (37,69,2,'27/07/2020 10:38:33','9/08/2020 1:26:33','2/08/2020 1:26:33','6/01/2020 2:54:08','VIVIENDA_FAMILIAR',7);
INSERT INTO RESERVA VALUES (38,110,3,'31/07/2020 9:51:17','12/08/2020 1:27:17','5/08/2020 3:27:17','7/02/2020 2:03:45','CLIENTE_ESPORADICO',5);
INSERT INTO RESERVA VALUES (39,46,1,'3/08/2020 2:04:01','16/08/2020 1:28:01','9/08/2020 1:28:01','16/02/2020 1:45:34','VIVIENDA_UNIVERSITARIA',14);
INSERT INTO RESERVA VALUES (40,24,1,'7/08/2020 12:16:45','19/08/2020 10:28:45','12/08/2020 12:28:45','12/01/2020 2:15:51','HOSTAL',1);
INSERT INTO RESERVA VALUES (41,95,2,'11/08/2020 1:29:30','23/08/2020 1:29:30','16/08/2020 1:29:30','25/02/2020 9:20:48','APARTAMENTO',3);
INSERT INTO RESERVA VALUES (42,22,2,'14/08/2020 4:42:14','26/08/2020 3:30:14','19/08/2020 3:30:14','10/02/2020 6:24:13','HOSTAL',9);
INSERT INTO RESERVA VALUES (43,103,2,'18/08/2020 3:54:58','30/08/2020 1:30:58','23/08/2020 1:30:58','17/01/2020 4:06:00','CLIENTE_ESPORADICO',3);
INSERT INTO RESERVA VALUES (44,19,5,'21/08/2020 7:07:42','2/09/2020 3:31:42','26/08/2020 1:31:42','29/02/2020 9:01:55','HOTEL',5);
INSERT INTO RESERVA VALUES (45,79,3,'25/08/2020 6:20:27','6/09/2020 1:32:27','30/08/2020 1:32:27','9/02/2020 6:54:21','VIVIENDA_FAMILIAR',4);
INSERT INTO RESERVA VALUES (46,73,3,'28/08/2020 9:33:11','9/09/2020 3:33:11','2/09/2020 1:33:11','8/01/2020 4:16:53','VIVIENDA_FAMILIAR',1);
INSERT INTO RESERVA VALUES (47,48,5,'1/09/2020 8:45:55','13/09/2020 1:33:55','6/09/2020 1:33:55','12/01/2020 5:58:07','VIVIENDA_UNIVERSITARIA',12);
INSERT INTO RESERVA VALUES (48,64,4,'4/09/2020 1:58:39','16/09/2020 11:34:39','9/09/2020 11:34:39','7/01/2020 10:54:00','VIVIENDA_FAMILIAR',19);
INSERT INTO RESERVA VALUES (49,118,1,'8/09/2020 11:11:24','20/09/2020 1:35:24','13/09/2020 1:35:24','4/02/2020 9:36:45','CLIENTE_ESPORADICO',15);
INSERT INTO RESERVA VALUES (50,84,1,'12/09/2020 10:24:08','23/09/2020 11:36:08','16/09/2020 12:36:08','11/01/2020 10:22:49','APARTAMENTO',15);
INSERT INTO RESERVA VALUES (51,63,1,'15/09/2020 3:36:52','27/09/2020 10:36:52','20/09/2020 12:36:52','10/03/2020 7:25:11','VIVIENDA_FAMILIAR',1);
INSERT INTO RESERVA VALUES (52,2,1,'19/09/2020 2:49:36','30/09/2020 10:37:36','23/09/2020 10:37:36','29/01/2020 10:29:26','HOTEL',1);
INSERT INTO RESERVA VALUES (53,101,5,'22/09/2020 6:02:21','4/10/2020 1:38:21','27/09/2020 1:38:21','10/03/2020 7:45:09','CLIENTE_ESPORADICO',16);
INSERT INTO RESERVA VALUES (54,51,4,'26/09/2020 5:15:05','7/10/2020 12:39:05','30/09/2020 3:39:05','7/01/2020 2:50:04','VIVIENDA_UNIVERSITARIA',9);
INSERT INTO RESERVA VALUES (55,38,1,'29/09/2020 8:27:49','11/10/2020 1:39:49','4/10/2020 1:39:49','25/02/2020 11:54:59','HOSTAL',13);
INSERT INTO RESERVA VALUES (56,46,3,'3/10/2020 7:40:33','14/10/2020 3:40:33','7/10/2020 12:40:33','2/01/2020 6:11:08','VIVIENDA_UNIVERSITARIA',7);
INSERT INTO RESERVA VALUES (57,95,2,'6/10/2020 12:53:18','18/10/2020 1:41:18','11/10/2020 1:41:18','17/01/2020 2:20:00','APARTAMENTO',16);
INSERT INTO RESERVA VALUES (58,83,3,'10/10/2020 10:06:02','21/10/2020 3:42:02','14/10/2020 3:42:02','6/03/2020 9:18:39','APARTAMENTO',8);
INSERT INTO RESERVA VALUES (59,38,4,'13/10/2020 3:18:46','25/10/2020 1:42:46','18/10/2020 1:42:46','15/02/2020 4:41:34','HOSTAL',4);
INSERT INTO RESERVA VALUES (60,91,4,'17/10/2020 12:31:30','28/10/2020 1:43:30','21/10/2020 12:43:30','18/01/2020 10:54:12','APARTAMENTO',1);
INSERT INTO RESERVA VALUES (61,108,4,'21/10/2020 1:44:15','1/11/2020 1:44:15','25/10/2020 1:44:15','24/02/2020 11:36:06','CLIENTE_ESPORADICO',2);
INSERT INTO RESERVA VALUES (62,9,1,'24/10/2020 4:56:59','4/11/2020 12:44:59','28/10/2020 12:44:59','12/01/2020 10:03:08','HOTEL',8);
INSERT INTO RESERVA VALUES (63,106,4,'28/10/2020 4:09:43','8/11/2020 1:45:43','1/11/2020 1:45:43','21/02/2020 3:52:57','CLIENTE_ESPORADICO',19);
INSERT INTO RESERVA VALUES (64,111,3,'31/10/2020 7:22:27','11/11/2020 11:46:27','4/11/2020 11:46:27','17/03/2020 10:15:20','CLIENTE_ESPORADICO',2);
INSERT INTO RESERVA VALUES (65,3,3,'4/11/2020 6:35:12','15/11/2020 1:47:12','8/11/2020 1:47:12','15/02/2020 10:29:34','HOTEL',17);
INSERT INTO RESERVA VALUES (66,111,4,'7/11/2020 9:47:56','18/11/2020 9:47:56','11/11/2020 3:47:56','23/01/2020 12:23:05','CLIENTE_ESPORADICO',1);
INSERT INTO RESERVA VALUES (67,120,1,'11/11/2020 9:00:40','22/11/2020 1:48:40','15/11/2020 1:48:40','6/02/2020 4:01:12','CLIENTE_ESPORADICO',19);
INSERT INTO RESERVA VALUES (68,51,5,'14/11/2020 2:13:24','25/11/2020 9:49:24','18/11/2020 11:49:24','2/01/2020 12:09:34','VIVIENDA_UNIVERSITARIA',1);
INSERT INTO RESERVA VALUES (69,95,5,'18/11/2020 11:26:09','29/11/2020 1:50:09','22/11/2020 1:50:09','24/02/2020 3:35:37','APARTAMENTO',7);
INSERT INTO RESERVA VALUES (70,77,1,'22/11/2020 10:38:53','2/12/2020 3:50:53','25/11/2020 3:50:53','21/01/2020 1:12:45','VIVIENDA_FAMILIAR',4);
INSERT INTO RESERVA VALUES (71,10,1,'25/11/2020 1:51:37','6/12/2020 1:51:37','29/11/2020 1:51:37','6/02/2020 1:39:55','HOTEL',7);
INSERT INTO RESERVA VALUES (72,7,5,'29/11/2020 3:04:21','9/12/2020 12:52:21','2/12/2020 3:52:21','5/03/2020 5:27:21','HOTEL',8);
INSERT INTO RESERVA VALUES (73,116,3,'2/12/2020 1:17:06','13/12/2020 1:53:06','6/12/2020 1:53:06','4/01/2020 2:51:35','CLIENTE_ESPORADICO',13);
INSERT INTO RESERVA VALUES (74,107,2,'6/12/2020 5:29:50','16/12/2020 3:53:50','9/12/2020 3:53:50','17/03/2020 10:27:50','CLIENTE_ESPORADICO',18);
INSERT INTO RESERVA VALUES (75,89,2,'9/12/2020 8:42:34','20/12/2020 1:54:34','13/12/2020 1:54:34','17/03/2020 9:45:01','APARTAMENTO',17);
INSERT INTO RESERVA VALUES (76,36,4,'13/12/2020 7:55:18','23/12/2020 3:55:18','16/12/2020 3:55:18','8/01/2020 4:46:05','HOSTAL',19);
INSERT INTO RESERVA VALUES (77,4,1,'16/12/2020 1:08:03','27/12/2020 1:56:03','20/12/2020 1:56:03','1/02/2020 9:50:00','HOTEL',2);
INSERT INTO RESERVA VALUES (78,17,3,'20/12/2020 10:20:47','30/12/2020 11:56:47','23/12/2020 12:56:47','1/03/2020 6:45:06','HOTEL',20);
INSERT INTO RESERVA VALUES (79,30,5,'23/12/2020 2:33:31','3/01/2021 1:57:31','27/12/2020 1:57:31','11/01/2020 1:30:59','HOSTAL',5);
INSERT INTO RESERVA VALUES (80,61,2,'27/12/2020 12:46:15','6/01/2021 3:58:15','30/12/2020 3:58:15','1/03/2020 9:09:30','VIVIENDA_FAMILIAR',4);

COMMIT;







